track,completion_rate,avg_steps,avg_progress,avg_velocity,avg_distance,avg_reward
cocoa_temple,0.0,1000.0,0.31029458513018465,11.71972256609897,449.3305358886719,590.1517089156691
cornfield_crossing,0.0,1000.0,0.03388643021547574,11.422941733328082,42.826995849609375,510.5107862649146
hacienda,0.0,1000.0,0.13866596119283503,12.275291243557,161.75819396972656,448.18365058638926
lighthouse,0.0,1000.0,0.5930308356408517,11.499999124606889,521.7816772460938,583.3302049847402
scotland,0.0,1000.0,0.14648817702834258,10.471133253515438,194.63336181640625,488.6873393299164
snowtuxpeak,0.0,1000.0,0.19664275139855894,12.911465226086468,195.18179321289062,627.426629594387
zengarden,0.0,1000.0,0.1423603035514544,15.546225978566502,101.13235473632812,519.7249136847164
