track,completion_rate,avg_steps,avg_progress,avg_velocity,avg_distance,avg_reward
cocoa_temple,0.0,1000.0,0.1201484065658522,0.7415990770286948,173.9841766357422,443.95817954816636
cornfield_crossing,0.0,1000.0,0.197164727523502,0.6398517174073035,249.1844940185547,391.67275239565913
hacienda,0.0,1000.0,0.09028096868794948,3.9142200849729027,105.31558227539062,677.6378454736705
lighthouse,0.0,1000.0,0.33405239436084305,9.306763932979592,293.91796875,423.98873038775207
scotland,0.0,1000.0,0.07521169739748727,14.012368783505226,99.93096923828125,364.59976043307734
snowtuxpeak,0.0,1000.0,0.01588027543809215,19.541481820007345,15.762292861938477,563.3104810584188
zengarden,0.0,1000.0,0.12845411910340165,0.19550642651731365,91.2534408569336,500.8357984182404
