track,completion_rate,avg_steps,avg_progress,avg_velocity,avg_distance,avg_reward
cocoa_temple,0.0,1000.0,0.40467580217538257,13.839921094600863,586.0018310546875,607.5391517207587
cornfield_crossing,0.0,1000.0,0.030773494524005227,1.0105120909125955,38.89274597167969,388.08784791361995
hacienda,0.0,1000.0,0.19331515582774578,11.484732940027238,225.50819396972656,466.22213026852035
lighthouse,0.0,1000.0,0.5350765447250433,11.500000590500727,470.7902526855469,492.8203247145523
scotland,0.0,1000.0,0.2919573961054735,13.433611564385087,387.9128723144531,555.3501675125938
snowtuxpeak,0.0,1000.0,0.04247099114361306,10.738621308390492,42.155452728271484,630.1966841600686
zengarden,0.0,1000.0,0.4571769305774727,10.339043996434892,324.7771911621094,484.78843173883354
