track,completion_rate,avg_steps,avg_progress,avg_velocity,avg_distance,avg_reward
cocoa_temple,0.0,1000.0,0.26257082208198185,10.743234091581613,380.22283935546875,480.1279539069626
cornfield_crossing,0.0,1000.0,0.4831498343051586,15.890612116531322,610.6236572265625,566.1167644260254
hacienda,0.0,1000.0,0.16663137117428692,2.4362997962537176,194.38072204589844,448.2177810917689
lighthouse,0.0,1000.0,0.0324423596754035,15.246638139949859,28.544601440429688,438.7228689986383
scotland,0.0,1000.0,0.2653704787143145,4.529805144133478,352.58782958984375,522.423415985706
snowtuxpeak,0.0,1000.0,0.5057978972806695,14.139164349598952,502.0400695800781,667.0350747381847
zengarden,0.0,1000.0,0.5371154346620074,6.68853647790207,381.5652770996094,596.7794190639391
