track,completion_rate,avg_steps,avg_progress,avg_velocity,avg_distance,avg_reward
cocoa_temple,0.0,1000.0,0.23310489082160316,0.7292466067268741,337.55389404296875,410.2931745025
cornfield_crossing,0.0,1000.0,0.03388643021547574,14.02123126927536,42.826995849609375,457.28841396145714
hacienda,0.0,1000.0,0.06440867078788957,0.7565986671667588,75.13473510742188,565.1662283403118
lighthouse,0.0,1000.0,0.009957149424451733,4.146277081296305,8.760856628417969,441.3588492134675
scotland,0.0,1000.0,0.1359650353845741,0.3179692886728888,180.6516571044922,496.1745744397318
snowtuxpeak,0.0,1000.0,0.5564434865355554,4.712602635525248,552.3093872070312,647.5984450902777
zengarden,0.0,1000.0,0.10844848638822072,6.516249327083112,77.04149627685547,341.8135275703633
